{
	"name": "LoadingGraphics",
	"cells": [
		{
			"x": 0,
			"y": 0,
			"w": 603,
			"h": 604,
			"name": "HTML5-logo"
		},
		{
			"x": 0,
			"y": 604,
			"w": 471,
			"h": 471,
			"name": "radial-background"
		},
		{
			"x": 603,
			"y": 0,
			"w": 197,
			"h": 57,
			"name": "kiwi-name" 
		},
		{
			"x": 603,
			"y": 57,
			"w": 197,
			"h": 26,
			"name": "loading-bar" 
		},
		{
			"x": 603,
			"y": 83,
			"w": 336,
			"h": 269,
			"name": "kiwi-bird" 
		},
		{
			"x": 603,
			"y": 352,
			"w": 375,
			"h": 27,
			"name": "made-with-text" 
		}
	]
}